date,average_UF_minus_FINE,max_UF_minus_FINE,min_UF_minus_FINE,p25_UF_minus_FINE,p50_UF_minus_FINE,p75_UF_minus_FINE,geometric_mean_daily_mean_nm,geometric_std_daily_mean_nm,geometric_mean_smallest_25pct_daily_mean_nm,geometric_mean_smallest_50pct_daily_mean_nm,geometric_mean_smallest_75pct_daily_mean_nm,geometric_std_smallest_25pct_daily_mean_nm,geometric_std_smallest_50pct_daily_mean_nm,geometric_std_smallest_75pct_daily_mean_nm,label_code,label_class,event_class,is_event
1/18/2023,134.8979248,4350.2295,1.0830078,21.678406,44.337402,113.0061,55.94557498,2.166787454,24.53119455,35.47799313,47.11335363,1.699749998,1.874187495,1.998539533,b,Class II,event,1
1/19/2023,238.3327495,4285.049,2.3842163,23.18008425,41.562165,133.37915,41.77843409,2.250600695,17.78312502,22.0517917,32.50967132,1.532319436,1.725395835,2.040458335,e,Class I,event,1
1/20/2023,295.9143549,4789.8896,0.41333008,145.40625,201.69385,283.11206,40.53651923,1.923449479,32.3222918,35.00434046,37.5848141,1.716000007,1.820743059,1.874325583,b,Class II,event,1
1/21/2023,75.89565232,475.96436,0.43798828,11.60308875,27.6593015,56.3583375,66.18582284,2.016197916,58.09536118,61.63452782,63.63625468,1.865208328,1.916862069,1.965341014,n,nonevent,non_event,0
1/22/2023,16.7701416,37.380005,2.9874268,3.3804932,14.313843,25.78894,79.82348951,2.041430557,60.94651392,63.39344449,71.17155545,1.76506945,1.906027783,1.985640557,n,nonevent,non_event,0
1/23/2023,486.6428057,3627.4238,3.4682617,29.168579,81.31592,274.471565,68.75451395,2.139597222,39.63422227,48.7821529,56.9594167,1.782833331,1.909048609,2.018513894,b,Class II,event,1
1/24/2023,17.99873358,178.50049,0.15893555,3.8329468,8.8845215,17.277161,62.04028136,2.222579857,50.85061116,55.32199311,58.51298631,2.102479443,2.151337924,2.186824066,n,nonevent,non_event,0
1/25/2023,31.33952247,186.08228,0.42822266,6.302246,13.0979,28.028809,78.65247579,2.034503473,52.33981959,56.12491669,67.83975469,1.823069442,1.877229167,1.945815669,n,nonevent,non_event,0
1/26/2023,266.7821004,1161.8923,0.3852539,45.0797125,82.138185,445.2976175,48.03106258,2.089829867,37.06184745,41.1836668,44.92965745,1.889819447,1.951437503,2.014726856,u,undefined,non_event,0
1/27/2023,271.1676708,4743.3623,0.7988281,44.460938,111.018065,193.0241675,42.92031351,2.016268295,33.73415269,37.86436107,40.2455813,1.764904104,1.859597217,1.945413952,u,undefined,non_event,0
1/28/2023,223.0031877,1004.66406,0.13305664,55.006957,104.3811,353.00952,58.61239582,2.182819447,37.57265266,44.41056932,49.12087949,2.067250002,2.098750003,2.132384265,b,Class II,event,1
1/29/2023,120.0972333,260.36865,0.1616211,47.5645745,100.066832,193.820705,64.69925702,2.071454864,39.63229153,49.99692358,55.65252786,1.917694456,1.980486112,2.025162038,b,Class II,event,1
1/30/2023,14.95565307,114.20032,0.1484375,7.0218505,11.886963,19.0200195,57.14997582,1.88915625,43.08950011,47.04244457,51.81198164,1.667930555,1.742638888,1.817402779,n,nonevent,non_event,0
1/31/2023,15.68539877,59.916016,0.008300781,4.520752,11.5703125,21.94629,67.85488933,2.09135294,51.67113714,57.21844148,63.35922584,1.992716216,2.024544215,2.05926697,n,nonevent,non_event,0
2/1/2023,1225.140973,5828.189,0.59936523,8.916382,461.63011,2537.369225,70.28715322,2.219853662,60.06452746,64.34822212,67.13490691,2.058083336,2.116159726,2.157079072,u,undefined,non_event,0
2/2/2023,66.7170161,547.06616,0.92614746,9.943725625,28.137085,66.904845,66.97409736,2.170145836,55.60013877,60.02215295,63.58860673,2.028555562,2.096182437,2.132550927,n,nonevent,non_event,0
2/3/2023,102.7961639,2787.8716,1.810791,14.76745625,30.76123,65.721315,61.55893027,2.225038329,51.26801382,54.86555543,57.9966418,2.010138896,2.104724138,2.163976744,u,undefined,non_event,0
2/4/2023,48.60642477,210.77051,0.6191406,14.733643,33.834473,69.66577,65.61710424,2.186871528,50.45066659,57.02597925,61.57431482,2.084458326,2.124986303,2.152912041,u,undefined,non_event,0
2/5/2023,310.1479414,1188.9951,8.493164,88.00390625,250.82361,428.2271775,44.15235072,1.940677083,31.92637497,38.02781251,41.14755558,1.83481081,1.883195944,1.909562213,u,undefined,non_event,0
2/6/2023,57.50662326,177.18921,0.001953125,23.67309625,45.0235595,87.61169375,60.9498611,2.084767365,42.8347222,51.07659025,56.01080089,1.937986109,1.979301376,2.034069449,b,Class II,event,1
2/7/2023,117.5508445,329.59546,0.05078125,35.079285,127.29065,181.476745,41.99199646,1.971965283,38.1896943,39.45514578,40.38191197,1.878680559,1.918643839,1.946740912,n,nonevent,non_event,0
2/8/2023,32.89227124,70.93872,0.1303711,12.10913075,32.0976565,50.13534525,52.10129525,2.026402771,42.1750279,45.66602087,48.59338427,1.94523611,1.966701386,1.989740737,n,nonevent,non_event,0
2/9/2023,284.8361919,975.6421,1.6380615,22.594238,79.64673,515.5327,57.0240068,2.03858681,42.53977754,46.85379163,51.25116657,1.798388888,1.907458904,1.975537037,u,undefined,non_event,0
2/10/2023,149.2293197,1930.4563,0.70996094,33.852356,128.28662,204.407835,37.33167245,1.927062717,26.97415275,29.62675692,32.28949769,1.567547945,1.668236112,1.806265119,e,Class I,event,1
2/11/2023,456.6474071,1605.0376,0.748291,35.1340325,129.230225,1012.526975,47.81776734,2.047652779,37.72456927,40.91197909,43.44721754,1.936347225,1.975222223,2.003783411,u,undefined,non_event,0
2/12/2023,308.6437947,2206.4883,0.66748047,24.665405,68.530152,189.0750725,46.28866324,2.08207986,28.70295832,36.6612778,41.83562959,1.937833341,1.999424661,2.041171295,b,Class II,event,1
2/13/2023,370.629084,3695.2446,0.030761719,16.615845,61.086914,573.36475,61.82572922,1.982902774,50.69455544,55.27799998,58.81685647,1.879055553,1.910902776,1.942384255,n,nonevent,non_event,0
2/14/2023,177.7090274,1292.9219,6.51416,44.00537125,61.041992,155.0050675,51.0465799,2.001184026,24.43093048,34.92022214,44.04597682,1.760777771,1.859437497,1.936852531,b,Class II,event,1
2/15/2023,24.83956541,105.483154,0.13916016,8.63897725,19.371948,35.8697205,70.7599237,2.263864579,49.37294446,55.28980557,62.9985418,2.06512499,2.138319439,2.192435179,n,nonevent,non_event,0
2/16/2023,15.02476182,293.6162,0.024658203,3.2837524,6.0371094,11.850098,64.59586814,2.317302083,41.70551395,45.70768738,52.737338,2.010249999,2.11077083,2.211537034,n,nonevent,non_event,0
2/17/2023,411.622145,3120.4165,0.15185547,41.38391,267.15625,664.80688,42.68844607,2.069714283,31.64008347,35.16703489,37.53618152,1.807152783,1.913784728,1.9807907,b,Class II,event,1
2/18/2023,79.75001012,176.6914,17.169678,53.0683595,72.6809075,110.3156738,44.4788541,2.09032292,39.23506938,41.30188195,42.79157405,2.017458344,2.036786212,2.060087562,u,undefined,non_event,0
2/19/2023,538.028132,2869.706,19.766602,97.9407365,235.90076,783.1763225,42.85340622,2.015034721,34.45986115,38.22461802,40.79656941,1.937095887,1.954751725,1.976175926,u,undefined,non_event,0
2/25/2023,10.23735001,205.7207,0.03564453,1.38659665,3.1719971,5.73477175,83.64203458,1.942656245,70.77033329,76.08389579,80.11272671,1.851361109,1.895158616,1.920488475,n,nonevent,non_event,0
2/26/2023,16.28776836,155.79126,0.06640625,7.5256958,12.242676,19.020935,85.69792023,2.062774295,62.4625002,73.49885419,79.59608811,1.877138891,1.959648269,2.012374992,n,nonevent,non_event,0
2/27/2023,305.3296568,2009.773,20.4375,67.0791625,167.127135,410.7511625,34.35811114,1.928027773,20.44691663,24.13618056,30.15673614,1.696213331,1.758958332,1.841801842,e,Class I,event,1
2/28/2023,136.2559729,960.80566,17.013184,79.9458,108.8833,146.31934,34.90982289,1.833927085,26.28847228,28.62733334,31.49173149,1.591805559,1.712298613,1.767703703,u,undefined,non_event,0
3/1/2023,576.9077083,3700.3115,27.091797,91.35668875,160.874635,544.49105,34.30821524,1.973142357,25.54795835,27.7162569,30.86356475,1.818813337,1.858368057,1.91298148,u,undefined,non_event,0
3/2/2023,73.26298013,291.84155,8.020508,35.51568675,62.3818365,94.99981625,52.90400699,2.025552089,43.51002765,47.51974301,50.37502779,1.865263889,1.930409726,1.968717599,n,nonevent,non_event,0
3/3/2023,595.3451903,2930.2432,0.1340332,17.1846315,237.46655,899.3348375,46.36379101,2.241114975,22.95970835,28.05137504,36.9187024,1.859847224,2.026673607,2.147967437,e,Class I,event,1
3/4/2023,113.460853,758.3877,3.5541992,27.2177125,47.5184325,130.6190175,54.08278128,2.112368052,42.09722217,45.73335425,49.05676388,1.95452777,1.990798607,2.046672806,u,undefined,non_event,0
3/5/2023,139.3767387,1117.6992,0.64208984,19.209473,28.091309,163.74658,57.07171521,2.076520833,41.59118064,47.7939375,53.21905551,1.891780824,1.944451384,2.011930873,b,Class II,event,1
3/6/2023,146.663186,971.3169,1.3037109,24.31286625,58.53589,112.7559825,71.83855902,2.086076399,56.69963879,62.48132653,67.78263431,1.944851365,1.994951405,2.038375015,n,nonevent,non_event,0
3/7/2023,34.46512499,381.5016,0.023925781,10.9276735,21.71997,41.6747435,85.87862831,2.40892361,73.66131965,79.11120141,82.91313409,2.256638885,2.312110335,2.360166664,n,nonevent,non_event,0
3/8/2023,11.8177382,50.196045,0.0423584,4.3797607,9.085327,15.860718,100.2313714,2.26570486,76.87070804,86.47808303,93.30607859,2.059041084,2.104381943,2.171851852,n,nonevent,non_event,0
3/9/2023,18.33658697,111.13452,0.019165039,4.7246094,11.269104,28.936646,98.83322225,2.170736108,75.26612491,83.2889374,91.36961583,1.916944444,2.007229166,2.070516124,n,nonevent,non_event,0
3/10/2023,102.577556,1840.4567,1.0887451,12.32458475,31.887146,64.06216525,74.51689491,2.307790211,48.74177761,60.60585986,66.50399516,1.921424668,2.080958047,2.200316283,u,undefined,non_event,0
3/11/2023,32.73470759,1032.2322,0.026855469,9.39883425,15.5351565,26.24469025,77.68934022,2.190611112,62.6152082,66.55220816,72.19692121,2.019749992,2.076798615,2.122648152,n,nonevent,non_event,0
3/12/2023,127.1118573,1037.3314,0.013061523,6.623169,18.238281,244.438845,70.45919105,2.447576392,39.35493064,48.52774317,60.46529172,2.236616455,2.29134484,2.355287042,u,undefined,non_event,0
3/13/2023,607.521048,6254.7114,2.1706543,37.1248775,53.81299,97.49585,41.17204856,2.281833334,36.863833,37.9951041,39.35818515,2.056555558,2.122819446,2.191166663,u,undefined,non_event,0
3/14/2023,63.98923386,377.6416,0.38549805,24.124878,39.0373535,78.0266125,61.83922231,2.124045134,48.22804144,51.67067358,56.62699083,1.999930552,2.036173613,2.076064514,n,nonevent,non_event,0
3/15/2023,17.84456195,83.336426,0.049072266,9.454407,16.0928955,24.00579825,73.02242001,2.017062501,64.65047201,68.35308324,70.65150452,1.841821915,1.893666666,1.953259257,n,nonevent,non_event,0
3/16/2023,30.9192032,279.15942,0.1305542,11.092529,20.411133,41.132935,71.74097584,2.155135414,48.76329194,58.547778,64.63770388,1.89465753,1.9673125,2.039972219,n,nonevent,non_event,0
3/17/2023,90.85962222,535.7988,0.02078247,13.491333,23.024658,170.09619,35.37511454,2.024576386,22.48299996,26.75029854,30.51965278,1.870452051,1.929791662,1.971546293,e,Class I,event,1
3/18/2023,675.8006858,2877.2407,6.8914795,29.17738375,193.563935,1317.7056,47.91166314,2.341788187,24.88059735,32.50779866,39.08554165,2.106208323,2.194673594,2.268583323,b,Class II,event,1
3/19/2023,252.551791,3697.3164,7.6221924,31.1135255,44.487366,112.8366725,42.51527075,2.164420133,27.7859443,35.05445827,39.0845184,1.930972612,2.028173611,2.097791664,u,undefined,non_event,0
3/20/2023,84.66648182,816.52075,13.55127,38.6559435,52.6905515,71.26709,57.31138892,2.003531245,52.16563887,54.13333331,55.48606484,1.951777778,1.970201386,1.986137611,n,nonevent,non_event,0
3/21/2023,35.0140983,105.90991,5.605957,20.566223,30.33252,46.38830425,64.27996858,2.193315966,48.48601384,55.95468738,60.578773,1.933626664,1.991724138,2.084529951,u,undefined,non_event,0
3/22/2023,136.6252891,1400.1982,24.829102,61.405884,93.57764,132.443725,46.09367006,2.196208335,31.46605561,37.73877769,42.3367962,2.018541671,2.122298615,2.169163639,b,Class II,event,1
3/23/2023,39.00967938,288.60144,1.3566895,17.56713825,25.3341065,55.95593275,84.02557769,2.161757783,65.6489725,71.73803453,77.61403667,1.827835612,1.97015862,2.073714285,n,nonevent,non_event,0
3/24/2023,19.40546321,560.9772,0.024169922,4.361023,8.429199,15.47583,94.02012742,2.158522968,75.44271851,81.92114827,86.36433058,1.857436615,1.990922531,2.074962265,n,nonevent,non_event,0
3/25/2023,143.7165087,2998.6987,0.5205078,8.637573,16.51294,93.598875,60.37664932,2.229906251,40.22413898,48.06836114,54.44163883,2.087611117,2.142479172,2.175847224,u,undefined,non_event,0
3/26/2023,30.37581193,94.75391,0.67871094,15.866943,29.461548,46.063232,65.03545821,2.189958338,35.43243045,43.07832621,56.29699978,2.043875002,2.083034486,2.122212968,u,undefined,non_event,0
3/27/2023,283.1949085,2335.7705,1.2841797,26.083435,42.8342285,166.5011,71.23495826,2.203993054,38.29774986,50.89783315,60.73097216,1.979083343,2.050493058,2.114833334,b,Class II,event,1
3/28/2023,38.00692035,673.6699,1.3520508,13.07348625,21.4683835,55.826172,84.81913896,1.986100694,67.25956943,73.26633334,79.11610167,1.789444447,1.850972415,1.910671296,n,nonevent,non_event,0
3/29/2023,154.1888607,2204.5425,16.239746,33.130675,56.267456,97.26739375,68.66302435,2.239145829,58.19154157,60.83738883,63.14612505,2.046236108,2.144427577,2.194550454,u,undefined,non_event,0
3/30/2023,32.03132459,93.79004,4.954468,21.313873,31.151489,41.365967,87.1823194,1.986295139,77.84788905,81.25467343,84.12786569,1.895833335,1.919375002,1.944412037,n,nonevent,non_event,0
3/31/2023,271.4462184,2333.3604,12.67749,65.355285,128.90167,326.318115,53.01674569,2.062613241,23.14630561,26.95718057,38.53633489,1.774555557,1.902506944,1.979274423,u,undefined,non_event,0
4/1/2023,322.7167291,1965.3135,4.434143,33.23330725,99.645752,338.28824,47.52140632,2.228006945,28.02372217,34.59474309,39.66338898,1.884097227,2.002750002,2.092953705,b,Class II,event,1
4/2/2023,125.85038,771.8076,29.639893,55.97284,76.2476825,166.9597125,56.61330561,2.119322915,47.22848606,50.68098606,53.25425929,2.006369865,2.03609028,2.075202768,b,Class II,event,1
4/3/2023,161.591371,2090.892,20.113281,49.731445,81.470215,126.954346,50.91618399,1.987684028,36.15990268,38.59487491,43.45918046,1.580763885,1.721854166,1.869013886,b,Class II,event,1
4/4/2023,114.9098484,732.4707,16.355225,47.3909915,60.183838,106.800415,78.31879171,2.291499997,36.5021806,56.42122922,69.15963435,2.072583334,2.153638886,2.212995367,b,Class II,event,1
4/5/2023,505.4064958,4607.619,10.482666,27.7284775,207.24707,488.8103,35.76277781,2.009329862,18.69654163,20.44515971,26.37501393,1.559736118,1.664326391,1.850407408,e,Class I,event,1
4/6/2023,666.1958841,2631.268,4.916992,99.86133,213.224365,1078.9291,53.27178457,2.131826385,30.36188883,35.28881939,40.63897212,1.840013885,1.944451382,2.048258063,b,Class II,event,1
4/7/2023,323.9137,2272.1743,23.082031,79.131836,107.476074,430.75293,68.01945653,2.031658538,35.45480535,45.20707635,55.33182331,1.747694448,1.856951394,1.942699077,b,Class II,event,1
4/8/2023,157.9295033,683.5415,21.840088,56.246582,73.11035,204.72046,85.19350688,1.891538191,49.04608316,56.9291943,73.04512039,1.680171049,1.72946896,1.812069442,u,undefined,non_event,0
4/9/2023,42.26056675,88.440186,17.956787,31.181885,40.92871,49.204346,85.4524582,1.849510411,69.77434709,74.80932628,79.3455416,1.741874995,1.772673607,1.799740738,n,nonevent,non_event,0
4/11/2023,105.5708058,610.05176,24.409912,48.66802975,63.729736,91.7304675,59.29658694,2.1337118,47.01048618,51.01631255,55.17631026,1.96481944,2.026876712,2.072833333,b,Class II,event,1
4/12/2023,78.0998187,505.08667,30.031494,47.8701775,59.12671,79.02246,63.01228821,2.143892353,47.65944439,53.03719449,58.86500463,2.011874994,2.057590264,2.091402769,u,undefined,non_event,0
4/13/2023,54.35486301,106.03076,18.30774,36.7626965,51.69873,70.24664125,59.71569802,2.14886111,45.24018039,50.70327775,55.76199078,2.036777786,2.080572419,2.10987963,u,undefined,non_event,0
4/14/2023,90.87323488,2555.0256,31.323242,55.330445,65.4082,112.09375,58.65239504,2.045146855,47.50386098,51.44786713,54.88910744,1.767069444,1.86601399,1.955649536,u,undefined,non_event,0
4/18/2023,66.79679733,142.13184,23.902466,41.79962125,60.2565915,84.9510505,66.62621866,1.908718749,53.40451373,56.26565976,60.90999985,1.801611107,1.824416663,1.859884256,u,undefined,non_event,0
4/19/2023,112.4319112,363.1958,38.291504,64.3141475,75.981325,146.466555,58.47609017,2.213913196,40.39294418,47.60163188,53.86268976,1.987833343,2.07459723,2.142371562,u,undefined,non_event,0
4/20/2023,283.1593014,2560.7866,49.468506,84.901123,132.28845,278.9560575,34.70265275,1.961222222,20.7841666,23.09017352,25.56771293,1.749638889,1.801104168,1.869134259,e,Class I,event,1
4/21/2023,357.3507859,1541.4927,25.506348,75.72565,139.80835,581.410835,31.75087109,1.965362372,23.04069434,25.84511801,28.54470699,1.7519452,1.830937928,1.898842595,e,Class I,event,1
4/22/2023,355.9792396,1733.6406,7.7453003,47.0377505,123.062255,507.9428725,40.37440281,2.25354514,26.53406941,29.57860418,33.96945843,1.984930565,2.074655183,2.156617516,b,Class II,event,1
4/25/2023,81.75574342,503.06787,25.02124,59.116761,70.09729,84.3939225,65.5007221,1.952072918,59.33691671,61.52376379,63.3768842,1.835671229,1.861499997,1.910527777,n,nonevent,non_event,0
4/26/2023,70.18882866,398.21948,21.470459,37.600891,48.2593995,66.640349,78.79912855,1.920767359,66.04299974,72.25977763,75.59302314,1.818999999,1.836883561,1.858824075,n,nonevent,non_event,0
4/27/2023,26.28305221,75.66284,3.8916016,14.313934,23.7161865,33.104645,86.49579175,1.953256948,74.00879203,77.26330566,82.54975012,1.841808221,1.874308223,1.915254633,n,nonevent,non_event,0
4/28/2023,26.62419285,924.7634,6.282837,14.2144165,19.579712,27.829651,81.08134847,2.182254354,62.67612471,70.70509011,76.64766055,1.893069454,2.040602745,2.111883722,n,nonevent,non_event,0
4/29/2023,151.8489102,678.4404,14.051025,29.9307865,64.48242,197.374515,55.24756928,2.222111105,30.9531806,41.64409657,49.6859125,2.002194444,2.092076384,2.163749992,b,Class II,event,1
4/30/2023,208.274135,3252.474,31.766602,43.1900635,91.825195,174.675045,34.15240981,1.857302078,19.60238899,22.37422233,28.51905568,1.556890408,1.614604163,1.761152772,e,Class I,event,1
5/1/2023,271.2690071,2452.646,6.125,73.9115605,87.36548,143.9645975,33.16805557,1.747937498,23.81363893,27.68944441,30.26409262,1.595666675,1.611421773,1.635375004,e,Class I,event,1
5/2/2023,288.3128565,3154.0767,18.176758,70.71582,99.34082,133.47754,39.42566308,1.727232638,27.67568045,31.63224304,34.75498607,1.616472224,1.641972415,1.67160648,e,Class I,event,1
5/3/2023,287.8370079,2858.1,34.188477,50.1882325,65.21973,220.96509,50.29390626,1.855315971,39.56090286,43.21414585,46.67164822,1.687472216,1.728724134,1.787120368,b,Class II,event,1
5/4/2023,54.95730244,222.58105,23.211182,41.081848,50.85266,63.70495575,86.96061438,1.812065972,72.90902747,80.10684016,84.14169878,1.749287667,1.769110343,1.788560185,n,nonevent,non_event,0
5/5/2023,49.45448287,1448.3292,17.0979,29.51477025,37.943238,51.6720585,101.0796098,1.872303137,86.74387508,93.12706942,97.3674326,1.60876389,1.687048612,1.773591743,n,nonevent,non_event,0
5/6/2023,124.6713587,669.85205,30.598389,50.756715,90.9834,136.6237175,57.40996527,2.068645831,36.76068049,41.81966677,49.42152778,1.60198631,1.744736112,1.927300929,u,undefined,non_event,0
5/7/2023,133.471312,1156.8442,26.8042,52.44738775,70.13074,120.38489,62.24634382,2.279614578,38.6128611,46.29304173,52.30151392,1.858708324,2.073305546,2.189499992,u,undefined,non_event,0
5/8/2023,208.414556,3691.7822,34.181763,82.46814,103.662842,160.7377325,56.28117706,2.174083337,28.97584709,39.96014571,47.22020829,1.728652782,1.881354169,2.046296297,b,Class II,event,1
5/9/2023,76.20118292,692.45215,23.35852,42.82635625,56.2613525,72.07483,93.11205901,2.076072915,50.97193056,64.90011819,78.29365734,1.897635138,1.965451388,2.019633027,n,nonevent,non_event,0
5/10/2023,89.17638388,609.1638,29.90271,59.81164575,74.939208,96.7131975,72.80407974,2.130461808,47.89011097,55.28959709,64.6108331,1.985397265,2.018833337,2.063606482,n,nonevent,non_event,0
5/11/2023,73.64124348,810.6633,17.0896,47.4565725,57.922119,76.449769,76.98918748,2.315031246,55.21819443,64.9649166,70.83832405,2.170263883,2.233541093,2.269370365,n,nonevent,non_event,0
5/12/2023,127.0840578,2148.144,15.619385,63.45947275,73.53479,89.7502445,84.48853303,2.354177704,52.95868052,67.28829853,76.002386,2.115824329,2.205882761,2.266680559,b,Class II,event,1
5/13/2023,192.7769225,2165.1675,15.388672,79.81128,161.05322,201.2583,43.86688538,1.736520834,28.63631935,35.6356111,39.7143518,1.464232876,1.49129861,1.608843318,e,Class I,event,1
5/14/2023,125.9358315,1829.8644,25.710938,65.8562615,90.350097,135.3953525,53.22203471,1.969659723,43.2049027,47.17148606,49.68073608,1.697643842,1.797305557,1.879285716,n,nonevent,non_event,0
5/15/2023,27.01240807,111.30383,4.109665,12.0247115,21.1070865,41.91868575,96.19459391,2.358725693,63.56845856,73.43193054,84.29943989,2.062791657,2.154234483,2.239393518,n,nonevent,non_event,0
5/16/2023,20.31488429,147.66779,8.289978,15.13490275,19.094864,23.3827895,117.6450768,2.234173608,101.0176947,107.2191323,111.4997039,1.870347222,2.016149661,2.122277776,n,nonevent,non_event,0
5/17/2023,65.1977047,444.77283,19.891235,33.120667,46.016235,79.5387575,79.72044444,2.402062498,56.49738895,67.50352102,74.11276867,2.028680555,2.149055553,2.277746542,n,nonevent,non_event,0
5/18/2023,102.7427173,451.83838,42.916748,64.15146,86.742003,122.1518525,66.20279367,2.311776223,55.53970824,60.48314675,63.54638314,2.085472221,2.164277776,2.235028035,n,nonevent,non_event,0
5/19/2023,82.00830557,1001.0961,11.533203,45.055664,53.629395,72.71326,102.3561254,2.214484323,60.77841633,69.34911082,82.73840446,1.834916673,1.966229171,2.072897679,n,nonevent,non_event,0
5/20/2023,303.3107154,3157.7964,25.549683,49.93206775,142.34009,201.20227,52.82777775,2.124236107,33.71797225,37.77092365,43.6519491,1.73709588,1.802493051,1.927958524,e,Class I,event,1
5/21/2023,101.4260947,200.45386,49.737793,76.2628775,97.28845,117.2373655,59.51528811,2.0234757,45.39723603,49.34559716,53.43822681,1.934958337,1.969707483,1.994705077,n,nonevent,non_event,0
5/22/2023,58.10839084,252.52417,22.794678,38.083495,51.4423825,70.519409,96.90686128,2.040840279,78.85998652,85.46362506,91.81106504,1.960847212,1.987590272,2.013995391,n,nonevent,non_event,0
5/23/2023,47.32565311,358.93213,17.045654,35.05651875,41.6872565,51.346985,104.3212361,2.10740625,93.39818096,97.0804863,99.77370838,1.977876717,2.017390417,2.058166667,n,nonevent,non_event,0
5/24/2023,75.52326188,597.58594,16.032349,37.59908925,53.5835575,79.3502825,92.25933327,2.2218368,62.52293046,76.06974294,84.6841898,2.006069437,2.059993051,2.133689814,u,undefined,non_event,0
5/25/2023,62.679274,324.83496,21.111938,42.69659575,58.7838135,73.58246,81.03430544,2.158531241,65.83409701,70.06440963,74.9297083,2.055452046,2.088423601,2.118157398,n,nonevent,non_event,0
5/26/2023,88.70819841,2125.197,22.592163,46.42395,76.254395,99.327393,90.83009093,2.173975522,70.33066633,77.59355959,84.07934592,1.913041666,2.021694444,2.104772096,n,nonevent,non_event,0
5/27/2023,71.46858511,181.5105,24.30127,40.17700175,58.232665,85.02362,101.4664307,1.976312497,80.49415292,90.3140139,96.78989354,1.885671233,1.919402776,1.948231476,n,nonevent,non_event,0
5/28/2023,66.4345966,499.32178,23.807129,50.70599375,61.2397465,72.776612,97.24246169,2.092069442,87.99654118,91.3309372,93.5814905,1.913540539,1.938777779,2.011523147,n,nonevent,non_event,0
5/29/2023,81.68592838,384.19238,25.998047,42.64001475,57.831665,100.6007975,85.3666076,2.204194448,62.28019444,73.01328471,79.8529677,2.035611113,2.082520836,2.141465443,n,nonevent,non_event,0
5/30/2023,122.8621483,2511.0566,39.58362,67.525207,90.307985,121.3192125,66.57598948,2.211097225,44.43918059,54.98116657,61.12596756,2.030630143,2.094634494,2.144754636,b,Class II,event,1
6/1/2023,76.15784407,407.15894,13.935791,43.2514645,63.09265,82.357115,89.42812516,2.201590277,73.68733358,78.68700714,83.42278253,1.953361116,2.058606903,2.118282412,n,nonevent,non_event,0
6/2/2023,102.5790849,1535.3989,26.427612,41.7205825,63.614441,112.2411175,79.19177366,2.187466901,46.94681946,56.07412518,66.3069211,1.921534249,2.025243061,2.091758141,u,undefined,non_event,0
6/3/2023,133.0050266,1333.0967,29.006409,48.82134975,82.34436,146.29666,55.80291664,2.31441319,38.08245826,46.86575687,52.00060178,2.134479451,2.211729161,2.265857139,u,undefined,non_event,0
6/4/2023,99.76335665,501.7036,23.408203,48.123474,68.858948,97.525725,75.93736084,2.222184033,52.28074993,60.76545809,68.08714788,2.091918916,2.125430559,2.16788991,u,undefined,non_event,0
6/5/2023,47.25578986,303.57935,15.755859,28.17636175,35.377075,44.87350575,98.60392357,2.198361107,80.41756921,90.27439581,94.77647214,2.042000001,2.075965984,2.108930553,n,nonevent,non_event,0
6/6/2023,71.56904925,1885.75,13.526794,31.35287475,38.522644,57.434906,97.43806256,2.289715278,78.4276389,87.35776393,92.60330568,2.101930554,2.164834484,2.216777777,n,nonevent,non_event,0
6/7/2023,64.82467825,526.85693,12.705322,26.85342425,39.18683,74.86389375,92.55286778,2.315326384,70.05441634,79.54120111,85.89034236,2.114944448,2.186166664,2.235472214,n,nonevent,non_event,0
6/8/2023,143.2500078,1217.0564,18.805054,35.38754175,56.8126215,102.8229975,78.10153819,2.291909725,55.92765294,64.64917371,70.04271763,2.056263887,2.121753426,2.184787039,b,Class II,event,1
6/9/2023,121.7054257,1505.6461,25.075684,61.767334,83.23169,135.74951,72.18229964,2.074557488,54.98661105,60.77219441,65.18891628,1.88308333,1.949375001,2.00342325,n,nonevent,non_event,0
6/10/2023,155.1575096,1955.9236,22.951355,54.652772,82.61792,184.631835,58.73400709,2.010586807,41.52719469,48.92823623,53.78455108,1.827736114,1.895506945,1.950074076,b,Class II,event,1
6/11/2023,108.7434567,1115.3125,12.62793,39.53353875,52.9345705,84.90637375,77.77339919,2.087364582,57.02015262,63.77967342,71.63462946,1.885890404,1.945270827,2.012504622,n,nonevent,non_event,0
6/12/2023,52.76371269,195.9895,0.16064453,34.181275,46.5375975,66.3413375,83.35377428,2.496718749,62.3964723,71.60977077,77.51346295,2.263263898,2.320268966,2.40783333,u,undefined,non_event,0
6/13/2023,63.88013431,261.94922,0.08081055,19.984375,53.92212,97.0671995,87.32271534,2.419059027,66.85616673,77.04162502,82.39606953,2.236054044,2.285909721,2.332634257,u,undefined,non_event,0
6/14/2023,162.3611538,1482.5923,0.034179688,14.4795225,30.5655515,149.208805,57.07010425,2.21245486,35.04345828,44.65459719,49.98842122,2.025383564,2.085763888,2.13561574,b,Class II,event,1
6/15/2023,149.4775733,1355.9756,0.8774414,25.71813975,53.390076,138.35437,54.61202089,2.153552084,35.93059736,44.0885,49.4156667,1.992486123,2.060358626,2.103972223,b,Class II,event,1
6/16/2023,84.14357947,1956.3041,0.04248047,6.750366,34.0542,73.23657,59.59231589,1.991094738,47.76976397,52.57060838,55.56428504,1.788166667,1.879265733,1.928364485,u,undefined,non_event,0
6/17/2023,176.2947636,1148.1401,0.6644287,30.16626,64.84375,252.71509,66.33350347,2.041951386,41.78858328,50.21834715,58.52493517,1.868861116,1.931236114,1.981421293,u,undefined,non_event,0
6/18/2023,44.64348329,659.60815,0.7294922,9.096436,16.04004,32.296387,59.82755903,1.982392361,41.52548594,46.45609021,53.47822679,1.85501389,1.900347224,1.944136989,b,Class II,event,1
6/19/2023,62.52899073,757.89844,0.033935547,7.43872075,17.04126,54.8513185,72.54146866,1.882156254,62.63816659,66.26527084,69.57394443,1.691624997,1.762506948,1.819703708,n,nonevent,non_event,0
6/20/2023,34.25080213,80.18799,0.22558594,9.1506345,30.519531,55.2606195,91.17359712,1.985562504,70.2297359,78.43469429,85.35000462,1.907930556,1.938356165,1.962718183,n,nonevent,non_event,0
6/21/2023,51.52429784,318.18896,0.08691406,13.288727,28.850586,72.158142,62.8228195,2.098267353,37.3566667,42.66947928,52.21888896,1.911797287,1.977275854,2.025337954,u,undefined,non_event,0
6/22/2023,38.01372058,169.87256,0.115722656,19.261902,27.3355715,40.54132125,80.57283323,2.093454864,55.62148635,62.98961812,72.30848152,1.950136986,1.987862076,2.026125003,n,nonevent,non_event,0
6/23/2023,77.20216314,2336.3684,0.26489258,7.59930425,19.6884765,29.989868,68.75983273,2.08612456,43.10809853,53.08413477,61.3048388,1.766535207,1.92865493,2.011745288,n,nonevent,non_event,0
6/26/2023,115.8710928,599.59326,0.35595703,18.873749,71.3375875,163.1872525,74.67318057,2.25104514,48.18329175,54.03445138,61.83350466,1.835424653,1.978027775,2.125925924,u,undefined,non_event,0
6/27/2023,66.60493985,626.44824,0.109375,17.109619,34.93335,92.254395,76.8173367,2.463770831,47.25699992,55.62704847,66.60126843,2.214861118,2.295993104,2.359907834,b,Class II,event,1
6/28/2023,32.77429182,160.4292,1.5874023,13.941803,24.040283,42.14508025,70.67235071,1.910399302,52.15231943,59.39807608,65.74751372,1.659263887,1.78507483,1.850573395,u,undefined,non_event,0
6/29/2023,79.91198953,530.21045,7.071289,19.904785,47.889893,90.359985,69.47251021,1.857600693,52.50584722,61.86374289,65.83686565,1.671397257,1.722263887,1.775013888,u,undefined,non_event,0
6/30/2023,113.42848,2201.855,0.5616455,7.8955079,29.848022,89.0268555,61.25806278,1.947954703,52.08831941,56.24333339,58.5977675,1.703876714,1.824875861,1.888413952,n,nonevent,non_event,0
7/1/2023,296.982855,1488.9404,0.18286133,38.418823,189.47485,476.469725,50.18894092,1.870559024,31.42855552,38.68469446,45.03089814,1.671756754,1.703551721,1.759236108,b,Class II,event,1
7/2/2023,473.5119552,1752.4033,0.05493164,53.452393,230.77148,802.6699,69.03649311,2.233888887,44.62890278,54.36017358,60.77736108,1.980569445,2.039749998,2.115939813,b,Class II,event,1
7/3/2023,14.10318565,72.686646,0.18676758,3.125320425,7.51409925,22.3274845,66.71931239,1.981111113,54.86180539,59.47856948,63.21735183,1.807208331,1.865194441,1.921055555,n,nonevent,non_event,0
7/4/2023,59.7580876,120.58472,0.7097168,27.585449,56.872315,85.22052,67.45823957,2.019694445,59.99686098,62.27965977,63.94063432,1.900944443,1.940027781,1.97771101,u,undefined,non_event,0
7/5/2023,96.68218345,1135.0215,0.048461914,13.08227525,43.6752315,103.84871,61.64079514,2.00006597,42.39143051,49.02718037,55.59271289,1.868194441,1.904229167,1.94381106,u,undefined,non_event,0
7/6/2023,29.89721347,227.12305,0.005004883,12.3665165,23.715332,42.767944,64.15264934,2.230406255,49.99527762,55.6144304,59.63482406,2.066837846,2.114777785,2.175787043,n,nonevent,non_event,0
7/7/2023,64.59322248,895.2488,0.8183594,14.8092655,35.518555,73.32675125,55.22252972,2.023191638,39.27958348,46.78350008,51.51268379,1.749958897,1.861597218,1.943520927,b,Class II,event,1
7/8/2023,40.98327748,451.187,0.45703125,10.78350863,24.9507445,50.83441175,78.42650021,2.004843752,57.04888905,64.7637363,70.96106967,1.811986114,1.863597224,1.917225806,n,nonevent,non_event,0
7/9/2023,34.47408884,223.1753,0.000488281,6.4455566,18.92041,50.770386,80.93929189,2.225718756,49.85479164,64.80130553,74.36023636,1.957162166,2.035930565,2.118967601,u,undefined,non_event,0
7/10/2023,61.70969499,414.8567,0.47485352,13.153809,36.3396,97.05542,69.41141343,2.238829866,57.71944449,64.02693081,67.00124553,2.084093335,2.12637242,2.170101858,b,Class II,event,1
7/11/2023,34.54645274,219.65771,0.007080078,15.9838255,31.068848,43.8938595,63.21898279,2.064125,51.75631952,55.5673959,58.66315762,1.886736116,1.954090281,2.001736113,u,undefined,non_event,0
7/12/2023,15.14365079,105.35889,0.5541992,5.706726075,10.8675535,19.6600345,70.74639245,2.020385416,62.40980567,65.13863206,67.86446301,1.813178085,1.906402781,1.964976851,n,nonevent,non_event,0
7/13/2023,26.37410445,619.8491,0.2434082,5.64562985,11.237793,17.2813715,84.05813895,1.686999996,73.68747245,76.14784728,80.24460651,1.555111099,1.607743045,1.650152769,n,nonevent,non_event,0
7/14/2023,59.2456102,1642.7765,0.16479492,10.659302,26.664062,51.96997,65.2671532,1.959658536,40.40183332,51.71318052,58.66779528,1.691527784,1.802611113,1.872000001,b,Class II,event,1
7/15/2023,25.15532119,102.989746,0.000244141,4.9260254,17.599365,42.96472,73.33209712,2.19321528,55.06287479,61.22389574,66.6102915,1.936805555,2.025854166,2.102467593,n,nonevent,non_event,0
7/16/2023,156.6649295,2595.8225,0.041259766,3.2734985,12.209717,34.69488425,76.29265279,2.031656249,69.58291668,72.44240279,74.27759722,1.879249997,1.910897257,1.953425922,n,nonevent,non_event,0
7/17/2023,41.68527105,274.7798,0.033691406,19.447449,35.6024165,61.70178075,72.1082639,1.918593751,63.88893037,66.32296538,69.21393986,1.827890414,1.850937503,1.880634259,n,nonevent,non_event,0
7/18/2023,109.29357,1001.3096,0.19329834,16.6328125,35.55664,120.433715,61.88654155,1.907597223,38.65818071,43.93520835,52.38399979,1.788624999,1.822013888,1.854055555,u,undefined,non_event,0
7/19/2023,140.0464926,1045.1895,0.6694336,18.40393025,57.6833485,209.9101575,64.42084732,1.989131948,48.81713888,52.7753125,56.53673615,1.788592099,1.83520833,1.912797237,u,undefined,non_event,0
7/20/2023,72.65584654,1438.2794,0.114746094,18.28955,48.703613,89.71826,73.87792349,1.924111502,57.18250007,64.23277101,68.70928855,1.636726023,1.732124997,1.80393023,n,nonevent,non_event,0
7/22/2023,28.19486453,471.21704,0.002441406,1.467300425,3.39562985,9.92346225,79.099809,2.186854172,54.55687518,65.88495835,72.93145828,1.967260287,2.046701389,2.11563134,n,nonevent,non_event,0
7/29/2023,43.2582528,136.44434,0.02709961,12.129883,27.91919,62.019287,64.29522553,1.985597223,52.67009735,57.23761127,60.80931012,1.854246571,1.8939375,1.942634264,n,nonevent,non_event,0
7/30/2023,5.026001025,7.516968,0.8959961,4.234466525,5.84552,6.6370545,79.27768389,1.93940625,71.09908326,73.81581942,76.61408322,1.832068499,1.865848281,1.899423965,n,nonevent,non_event,0
8/3/2023,6.100723371,20.141602,0.21313477,2.958923325,3.9196167,6.481140225,70.63471507,1.980861112,62.05286105,65.36498618,67.88868044,1.846430552,1.884388885,1.923912037,n,nonevent,non_event,0
8/4/2023,47.42560691,289.70084,3.3125,5.928833,8.866699,42.695099,65.0507561,1.935292682,47.91824992,56.23546531,60.86559537,1.60741096,1.766575345,1.846674421,u,undefined,non_event,0
8/5/2023,71.57090832,516.55664,0.40161133,7.84845,23.81128,48.706544,55.83805555,1.869739582,38.95162484,44.75974294,49.37642589,1.722458338,1.761138891,1.803870372,e,Class I,event,1
8/6/2023,155.5144952,1293.8728,0.1373291,6.34082035,25.901001,140.4153475,53.38146174,1.914968754,36.21747202,39.27979859,46.20996749,1.681753428,1.73891781,1.812879634,e,Class I,event,1
8/7/2023,143.9633417,559.6211,1.9281006,37.34143,106.08252,228.87329,83.18675011,2.415892356,46.55650022,59.19490981,71.99213429,2.208652761,2.262888884,2.336509254,u,undefined,non_event,0
8/10/2023,30.87538661,245.30005,1.5206299,4.2978517,6.390381,31.784393,74.8817223,2.010256949,66.54848644,69.69201398,72.18591674,1.91119178,1.942137934,1.967490744,u,undefined,non_event,0
8/11/2023,546.76105,1032.014,71.91785,304.134575,536.3513,784.18265,77.98734479,1.837919865,68.04704163,71.5475346,74.78431604,1.702473689,1.763243061,1.799300932,n,nonevent,non_event,0
8/15/2023,96.42669202,325.98706,0.7105713,30.92788675,66.0530395,120.1835938,48.66648264,2.02841667,36.59244418,40.28277767,44.54647215,1.663270271,1.751222222,1.871504634,e,Class I,event,1
8/17/2023,29.09339091,81.46765,4.2802734,12.380615,24.191406,36.055664,79.70891204,1.950492957,66.09307061,70.05897885,73.70639914,1.770458332,1.822169013,1.877150229,n,nonevent,non_event,0
8/18/2023,131.8766065,1516.4562,0.010009766,17.944458,48.57959,142.28125,82.03993042,2.052780486,52.25768028,63.53750002,74.25753498,1.780863011,1.863187499,1.945432555,u,undefined,non_event,0
8/21/2023,222.5597813,749.07666,2.2314453,58.798706,131.63379,383.898685,92.16133679,2.264402775,63.35295836,75.90610393,84.62165264,1.955287659,2.041249992,2.126428565,e,Class I,event,1
8/22/2023,470.4249373,1397.3984,1.2907715,76.819335,172.76562,950.43845,103.797823,2.235173619,76.87552786,88.28133347,96.1899493,1.903191775,1.999312503,2.090240749,u,undefined,non_event,0
8/23/2023,90.87806657,299.23486,2.177002,18.1540525,59.14966,136.042967,93.3493749,2.274052092,73.5709166,79.41497909,86.04908781,2.094837849,2.135659733,2.186699084,u,undefined,non_event,0
8/24/2023,211.5568095,481.04688,21.995117,97.58496,157.71484,394.86133,80.9669584,2.100725696,59.09351386,65.04781953,69.53899993,1.93484931,1.977806895,2.015541667,u,undefined,non_event,0
8/25/2023,295.1001278,1754.2869,5.713379,88.81317375,223.713625,400.490235,89.2514285,2.242564461,62.88523618,73.92597202,80.49061846,1.805680558,2.013000004,2.125740742,u,undefined,non_event,0
8/26/2023,86.79345733,414.40967,0.3729248,20.8302,63.24597,109.056334,62.18010407,2.251166668,38.56241661,46.55124998,52.80217588,1.972055558,2.064267119,2.16553917,e,Class I,event,1
8/27/2023,139.2601728,227.94873,5.9763184,94.9158942,183.85547,205.9021,75.73055191,2.193982641,56.38438866,60.32967345,67.08943035,1.989863018,2.025215279,2.073976852,b,Class II,event,1
8/28/2023,74.71481517,283.6006,0.032714844,15.8666685,41.71753,130.441655,64.53734031,2.462420147,45.52738889,52.80806947,59.103426,2.315616438,2.374178093,2.41872686,u,undefined,non_event,0
8/29/2023,569.9642159,4081.8884,4.4819336,162.922605,303.2085,687.8999,55.66527096,2.275791666,33.94483336,43.03377084,49.77702779,1.973452059,2.0821875,2.188634261,e,Class I,event,1
9/1/2023,362.381844,1409.9058,0.86450195,16.20874,22.180908,362.74927,87.72435189,2.156463411,69.92730575,76.25316673,82.43245583,1.927111104,2.043027774,2.107069767,u,undefined,non_event,0
9/2/2023,5.9581301,9.58252,2.3337402,4.14593515,5.9581301,7.77032505,94.1618229,2.120916668,83.13840273,87.4007083,91.06163883,2.005689197,2.038972226,2.069486114,u,undefined,non_event,0
9/3/2023,12.496582,12.496582,12.496582,12.496582,12.496582,12.496582,108.873684,2.10509028,98.93927802,103.0864376,105.9518889,1.975597223,2.015090278,2.046856484,n,nonevent,non_event,0
9/4/2023,9.19883512,16.32251,0.20996094,4.03637695,9.945068,14.9207765,75.14886791,2.285315964,55.05837493,59.78797915,67.6386341,2.02387499,2.147326376,2.217740731,u,undefined,non_event,0
9/5/2023,100.1916915,620.86035,0.30517578,25.2020265,48.828125,122.062255,54.30472575,2.313253471,35.65240298,43.00486117,47.02572694,2.03530137,2.119236114,2.185851853,b,Class II,event,1
9/6/2023,51.13861081,152.56152,2.2786865,11.43301395,43.4025875,46.880188,148.3497809,2.606225694,86.7016245,110.107951,128.7852358,2.066500003,2.294541668,2.45500463,n,nonevent,non_event,0
9/7/2023,31.20435375,138.07275,0.3927002,5.3637695,17.141357,45.463135,92.87289565,2.641500001,63.31356923,75.87881218,82.80217565,2.292361107,2.406729168,2.525935186,e,Class I,event,1
9/8/2023,134.5704279,2361.9565,0.74438477,29.60962,69.903564,165.29663,83.89847486,2.37896044,54.96771431,67.41284193,76.47058672,2.03575716,2.164877711,2.270932704,b,Class II,event,1
9/9/2023,38.70459234,136.78467,0.20495605,18.25604225,29.5707395,51.71356225,68.83492341,2.416059034,47.12887502,58.26163171,64.11813875,2.136361124,2.216590288,2.305648155,b,Class II,event,1
9/10/2023,32.06354657,142.08594,8.28125,11.8659665,14.294189,18.025757,73.27091662,2.022052084,63.97030534,68.25752767,70.90412027,1.878361106,1.929986206,1.970235025,n,nonevent,non_event,0
9/11/2023,227.4611812,443.97754,13.644531,41.633667,227.772825,410.95227,77.0075973,2.105416669,57.16547219,65.76604162,71.60971304,1.994763889,2.028444445,2.056870374,u,undefined,non_event,0
9/12/2023,5.456421,5.456421,5.456421,5.456421,5.456421,5.456421,77.26598218,2.160482391,50.19866164,60.66834479,69.0833237,1.933277781,2.002027973,2.068267605,u,undefined,non_event,0
9/13/2023,65.66856139,311.21387,1.3848877,11.486084,19.76416,86.6785875,71.49318739,2.179986108,51.59226378,60.3189997,66.23583298,1.994493155,2.043437493,2.099322576,b,Class II,event,1
9/15/2023,285.7128495,1451.573,4.7495117,19.45166075,48.0378425,123.37671,82.47522287,1.963926834,74.5515691,77.83250677,80.04434875,1.800527781,1.87765278,1.9199907,n,nonevent,non_event,0
9/16/2023,30.94958497,110.191895,1.880127,6.25085445,8.70812965,40.26013175,99.09896531,1.916631945,81.32482004,87.78746565,94.19013905,1.792624992,1.82105517,1.861629628,u,undefined,non_event,0
9/17/2023,136.4792615,426.72607,0.045898438,15.33880575,115.433715,260.080555,84.09236115,2.146399307,65.45272228,70.14829855,76.06731014,2.016152788,2.054340279,2.093847223,n,nonevent,non_event,0
9/18/2023,144.0460527,642.42896,4.230713,43.2904665,91.93909,177.9475675,56.05520482,2.226711809,44.74624999,48.00118764,51.694176,2.117534249,2.157541666,2.19110185,u,undefined,non_event,0
9/19/2023,22.670258,39.79883,12.016357,14.533783,19.4329225,27.5693975,73.43755192,2.171753466,56.01904164,61.54103459,67.7092822,1.959513888,2.031395832,2.106925921,n,nonevent,non_event,0
9/20/2023,116.724912,392.9319,8.64624,33.83203,79.21216,172.41772,88.34632982,2.193572912,81.76868015,84.3835276,86.32197218,2.058486109,2.112760274,2.149379628,n,nonevent,non_event,0
9/21/2023,7.619140738,16.209229,1.1164551,3.021728525,7.12426765,11.85815425,73.32017729,2.215947927,60.07698631,64.28509055,69.30602801,2.096055562,2.150236503,2.180296308,u,undefined,non_event,0
9/22/2023,40.8018073,820.0701,0.031982422,3.0507812,9.241089,18.259033,68.13866229,2.128891993,58.39593077,62.23653494,64.77367942,1.901041667,2.016437506,2.082073066,n,nonevent,non_event,0
9/23/2023,263.4406685,1818.5076,1.6777344,48.768799,104.06177,322.038695,72.53537843,2.084510408,51.26798624,59.46415981,66.39958329,1.947333329,2.002027768,2.04413888,u,undefined,non_event,0
9/24/2023,16.32380981,51.479248,0.3864746,7.225097625,13.46228025,24.0573125,54.46213543,2.069184024,46.31943067,47.98594448,50.34456944,1.887583329,1.93533333,2.004226849,u,undefined,non_event,0
9/25/2023,691.8180327,5409.803,3.5656738,75.46496875,370.924315,775.38683,53.08790973,1.983062495,39.47486107,44.95087492,48.99665274,1.765569444,1.831840279,1.908152775,b,Class II,event,1
9/26/2023,257.8064221,740.78345,0.2434082,101.013733,224.566525,363.072565,51.72871523,2.035246526,36.2915278,43.36406247,48.14293515,1.913499998,1.961627587,1.995345617,b,Class II,event,1
9/27/2023,36.56051204,175.45752,0.7590332,4.0008544,4.9692383,33.368042,62.80370482,2.124524304,53.83763859,56.37120125,58.33361566,2.011208345,2.042889661,2.081622118,n,nonevent,non_event,0
9/28/2023,165.0272359,477.86865,0.22192383,5.78674315,18.326904,384.2307675,80.57004497,2.266479166,65.94336096,73.24413188,76.74080079,2.139835608,2.182791663,2.220305553,u,undefined,non_event,0
9/29/2023,178.6461395,2292.3374,4.6328125,17.007568,50.9834,70.38452,88.63921968,2.273463415,62.06666671,73.7607291,81.310428,2.049166671,2.122777782,2.194767441,u,undefined,non_event,0
9/30/2023,10.74588011,24.595459,3.5219727,5.5302124,7.832031,14.59808375,83.55447221,2.09818056,70.56019444,76.1658473,80.24185191,1.988694454,2.030959457,2.061680561,n,nonevent,non_event,0
10/1/2023,21.70846954,68.22778,0.95996094,7.8901367,11.257324,27.433594,96.00141647,2.009010415,86.29234738,89.5530555,92.26840263,1.836123287,1.866590275,1.924189809,u,undefined,non_event,0
10/2/2023,19.77986227,49.806396,1.4187012,3.0123291,18.414795,32.97522,100.496451,2.150300703,83.4268748,88.84243353,94.31622892,1.951698631,1.997342653,2.057453272,u,undefined,non_event,0
10/4/2023,233.2916493,2354.1318,0.4645996,11.945557,44.559082,114.50342,77.918,2.130309028,57.5680001,65.89676388,72.40624539,1.964375004,2.014458334,2.062449077,b,Class II,event,1
10/6/2023,148.6922044,4251.8115,0.171875,12.496704,32.369873,50.366333,47.93683964,1.791749128,40.67544436,43.16392357,45.16686502,1.600916665,1.682643832,1.746486111,n,nonevent,non_event,0
10/7/2023,601.4164157,3031.2803,0.23876953,100.044555,517.85011,906.207765,38.81780556,1.842923616,28.3061529,32.55546529,35.85830099,1.69194445,1.754861117,1.804142863,e,Class I,event,1
10/11/2023,27.78432299,613.90967,0.21948242,5.1345215,9.871826,14.95752,62.78635529,2.138216029,54.16822206,57.24684713,59.45226504,2.015698631,2.070363013,2.101637212,n,nonevent,non_event,0
10/12/2023,19.39291123,1015.3991,0.02331543,4.9755859,8.565674,14.715027,76.60985371,2.213177703,62.04824999,68.10711808,72.1882513,1.962583346,2.056458342,2.122618611,b,Class II,event,1
10/13/2023,155.3048693,1111.2996,1.1818848,22.621201,40.5153195,188.58978,37.22208683,1.978243055,23.66236115,27.40397225,31.59958336,1.655375005,1.744263891,1.838462964,e,Class I,event,1
10/14/2023,54.67576885,278.2868,5.862152,20.2911225,34.50891,57.4517515,45.26952081,2.447243054,37.79099986,39.97981245,42.13016205,2.280652776,2.354193101,2.406248846,u,undefined,non_event,0
10/15/2023,31.32713069,358.3319,0.32592773,10.17570475,22.680664,45.7398685,53.76075341,2.41753125,34.04863893,41.43834024,47.10376377,2.251666665,2.322319441,2.370754628,u,undefined,non_event,0
10/16/2023,319.9511437,2125.1035,2.4277344,31.9747325,119.921783,379.5521,40.85135765,2.3376632,29.09047222,31.84936106,34.99544902,2.037458355,2.13629168,2.247180564,e,Class I,event,1
10/20/2023,298.4781065,2561.1226,1.9716797,39.322876,85.84473,429.38794,42.64597192,1.781407664,30.00391663,34.33854863,36.80799532,1.659849315,1.697972409,1.723548834,e,Class I,event,1
10/21/2023,174.7701586,1304.3921,0.7854004,29.120239,60.069336,157.6022375,53.07429502,1.976538195,41.5878053,46.42684702,49.91674986,1.850256751,1.881020684,1.920880187,b,Class II,event,1
10/22/2023,62.4128319,366.0747,1.7729492,18.6725465,34.430297,74.633545,72.69406237,1.929697916,58.00779173,61.37850687,67.16014343,1.821863016,1.849413793,1.881458334,u,undefined,non_event,0
10/23/2023,34.1717647,118.771484,0.66186523,14.80645725,27.1445315,45.930725,73.87281932,2.141465275,52.30169445,56.58622217,64.62689336,1.889166668,1.980972222,2.066263887,u,undefined,non_event,0
10/24/2023,30.26434655,194.36548,0.025634766,14.3033445,23.515198,34.657075,62.44107967,2.191868058,44.5570275,51.09319427,56.13555075,1.946138887,2.046986119,2.110009264,u,undefined,non_event,0
10/25/2023,37.58831782,189.76978,0.04168701,9.2047725,27.567017,53.4704585,65.00433334,2.061406249,42.05638901,52.73166683,59.33459264,1.824402778,1.925500003,1.981611111,e,Class I,event,1
10/26/2023,38.69623306,137.01953,0.017333984,14.96383675,25.121826,39.72808825,55.33759028,1.982934023,44.7592082,48.50751381,51.78517128,1.798452056,1.858159723,1.918893513,u,undefined,non_event,0
10/27/2023,64.30717787,718.7879,0.09454346,16.697632,47.488403,73.0686025,55.05396174,2.409170734,39.65044435,44.95636113,48.68188837,1.925916667,2.184145837,2.309801845,b,Class II,event,1
10/28/2023,16.58032695,43.347412,0.03643799,8.424957625,16.321106,23.31970225,61.16281255,2.444430556,46.46893067,50.7665556,54.79174547,2.324256749,2.36353103,2.397856482,n,nonevent,non_event,0
10/29/2023,26.64045387,59.937805,1.0135498,16.270203,24.2069395,38.49345375,85.41852772,2.511357637,62.61541669,69.746111,77.0620508,2.151486115,2.303236112,2.410032258,u,undefined,non_event,0
10/30/2023,46.10563294,137.92102,1.8502808,20.920502,34.291626,62.8114625,54.15124645,2.6214618,38.81191656,43.4293055,48.31212959,2.44225,2.518979164,2.56716203,e,Class I,event,1
10/31/2023,302.6173814,1271.7227,0.2902832,52.6201785,142.969725,438.8054225,34.21467012,2.064625003,27.19600002,29.4368611,31.86237036,1.90616438,1.955569444,2.014407407,e,Class I,event,1
11/1/2023,269.3957828,2476.0034,1.6254883,37.131225,117.255373,301.16558,38.38851041,1.900527782,32.91890266,34.56734011,35.90919438,1.791416663,1.824361109,1.856504631,e,Class I,event,1
11/2/2023,263.2586235,972.71045,0.671875,33.451904,164.41016,431.31396,62.03517702,2.027579861,52.18241681,56.16218064,59.18218987,1.924090903,1.939179306,1.967142855,b,Class II,event,1
11/3/2023,200.9060811,2655.9526,0.040527344,95.27368,148.42822,254.17627,60.37196153,2.109602783,45.3520555,51.99613198,56.80822786,1.885397253,1.960909718,2.031841856,b,Class II,event,1
11/4/2023,51.20441557,129.46606,5.1484375,26.891602,40.707275,73.19824,81.57075357,1.956704861,70.94833342,75.02041679,78.5143612,1.835506857,1.878722225,1.911953704,n,nonevent,non_event,0
11/5/2023,20.46080972,86.12378,1.2358398,4.510254,17.11792,25.71753,80.19937856,2.027118051,65.7855418,71.48992382,75.57395849,1.893958328,1.933222217,1.981755754,n,nonevent,non_event,0
11/6/2023,31.82419754,89.348145,0.110839844,18.2506105,32.674195,46.5590225,57.56034367,2.241927078,51.92999975,53.9227499,55.40429153,2.099638876,2.14326388,2.192388881,u,undefined,non_event,0
11/7/2023,132.430225,763.8584,0.9589844,19.772705,58.31006,179.480715,57.98712232,2.039451052,44.57363892,48.91366433,53.19539715,1.895180555,1.960440565,2.002401871,b,Class II,event,1
11/8/2023,207.4102298,3857.5552,0.088256836,23.155762,58.81665,119.21582,69.56863538,2.063569443,44.05229168,49.32596526,57.97293528,1.924069449,1.991805556,2.024128439,u,undefined,non_event,0
11/9/2023,302.7681174,1537.0757,2.586914,68.5153825,143.264405,335.3217825,32.64954697,2.076588851,27.13872226,28.4348959,29.55925589,1.837625005,1.940201389,2.008102326,b,Class II,event,1
11/10/2023,367.9798759,2909.2334,3.3693848,77.518187,185.4978,334.805425,34.39368755,1.920263886,23.76090272,28.1602431,31.59269443,1.775493325,1.812903444,1.85483333,e,Class I,event,1
11/11/2023,71.46078069,296.63428,0.049560547,12.7469485,32.898926,94.84253,49.93567705,1.984993054,42.769597,45.32072912,47.58096759,1.794666668,1.890675863,1.938291668,e,Class I,event,1
11/12/2023,112.1242703,361.3711,0.36572266,27.368408,61.70227,170.0772725,61.53323951,1.965690977,47.79258341,53.14704861,57.98593979,1.865180554,1.894551726,1.924953705,e,Class I,event,1
11/13/2023,175.6851375,972.2998,1.1230469,88.15222125,119.906985,167.901185,69.10813541,2.05484028,46.07800007,56.80383317,64.05305092,1.869402791,1.922562507,1.967037038,e,Class I,event,1
11/14/2023,55.06285096,311.6267,0.3564453,11.909912,24.177246,79.837036,59.23297924,2.195270839,52.95695819,54.27165969,56.06897229,2.071847229,2.11693837,2.149032418,b,Class II,event,1
11/15/2023,32.31102448,156.07812,0.05883789,12.9396975,26.9467775,49.2802125,63.68511469,2.171357637,55.19301409,57.78693075,59.8086482,2.109067562,2.123659718,2.141631336,u,undefined,non_event,0
11/16/2023,18.04937982,54.04297,0.767334,7.6101074,14.365723,26.68872,74.61279171,2.307916668,64.23188904,67.77696527,71.18521763,2.172698628,2.211326389,2.259866357,n,nonevent,non_event,0
11/17/2023,286.3610042,1220.5269,1.0888672,34.28772,128.27979,441.542965,49.02704533,2.165195122,26.63222215,33.21129159,40.58671617,1.81261111,1.986739722,2.084023256,e,Class I,event,1
11/18/2023,343.8988292,2593.102,0.40893555,33.663574,80.333985,385.9364575,41.57853476,2.069861111,33.19148617,36.20827785,38.72250468,1.952547944,1.995618059,2.02978802,u,undefined,non_event,0
11/19/2023,7.825195262,22.158691,0.7944336,1.606079075,5.0816651,10.607605,82.37425722,1.958843749,58.50206947,69.41720136,77.12731503,1.789736107,1.860937498,1.914583335,n,nonevent,non_event,0
11/20/2023,38.08801873,177.77954,0.5777588,4.516601625,18.6115115,50.014527,72.72140267,1.868788195,65.10249986,67.97208325,69.91866645,1.738418924,1.762402776,1.807879628,n,nonevent,non_event,0
11/21/2023,538.7611641,3465.3696,4.070801,99.032715,293.562,812.19042,49.0479514,1.869315975,18.19861107,20.35018053,32.72469908,1.705958902,1.746006897,1.80801389,e,Class I,event,1
11/22/2023,273.1662043,1163.0361,4.8813477,42.62780775,109.730835,469.0769075,36.58042016,1.775944444,29.04986095,32.16242364,34.2143889,1.622424655,1.661840276,1.71629493,b,Class II,event,1
11/23/2023,100.4777141,347.0254,1.5876465,60.01941,95.123535,128.85791,51.03099989,1.921614583,46.98406929,48.09228468,49.13809252,1.840763882,1.871784719,1.897423959,e,Class I,event,1
11/24/2023,419.8724115,2046.002,0.12963867,12.52935825,27.9708255,627.73045,51.01695477,1.981599299,38.32097234,44.78903482,48.42898613,1.782138877,1.875916658,1.934567436,u,undefined,non_event,0
11/25/2023,33.46296514,76.49512,3.6745605,17.6276855,35.54004,47.790649,65.36083697,1.937048607,54.10380575,55.16547224,59.37859735,1.800986487,1.869496641,1.9007788,n,nonevent,non_event,0
11/26/2023,394.8202621,3654.81,0.54003906,13.4243775,73.776855,262.74781,49.73907638,2.004770832,26.65411115,30.30590284,39.15199539,1.736486112,1.793409725,1.899912034,e,Class I,event,1
11/27/2023,515.1852407,1708.9355,0.9604492,112.44678,446.67773,733.48145,42.24014939,1.906739586,30.43919455,36.11054173,39.34340746,1.775027778,1.793930555,1.850467594,e,Class I,event,1
11/28/2023,92.29291611,337.79785,0.59277344,45.858887,82.10156,112.984865,52.62091309,2.0030625,36.47931963,42.7032987,48.53404163,1.887388887,1.912298607,1.947157408,e,Class I,event,1
11/29/2023,241.1646974,4009.5674,0.46191406,29.0430905,94.31836,227.757325,49.97670488,2.039725691,40.36411105,43.34559719,46.72478704,1.906777778,1.936979166,1.992610086,b,Class II,event,1
11/30/2023,26.12228706,53.629883,2.6433105,8.564453,26.46582,39.32617,81.58478463,1.98877778,60.60981936,67.82628444,73.54113874,1.75525,1.866298617,1.937671297,n,nonevent,non_event,0
12/1/2023,189.9301788,1234.5315,1.3087158,4.965759325,11.8657225,103.2394095,90.71881852,2.093512199,76.43181904,83.70640955,87.18388359,1.923416664,2.006208329,2.046334883,n,nonevent,non_event,0
12/2/2023,8.026062111,29.980103,0.15942383,1.223266613,4.06134035,14.4818115,100.8643406,2.298392372,71.472403,82.05731275,92.88422715,2.018875013,2.096465291,2.192157416,u,undefined,non_event,0
12/3/2023,182.5658576,1216.8262,0.037353516,22.861938,94.99365,319.5298,45.50402788,2.231180556,21.39466667,27.25836806,35.24194914,1.751164382,1.898124995,2.095504629,e,Class I,event,1
12/4/2023,231.2410736,2061.1064,1.3640137,47.6009535,105.738525,234.3482675,29.86170834,1.666628477,24.21065278,26.25886807,28.02734263,1.531328773,1.566791671,1.62060551,e,Class I,event,1
12/5/2023,446.9865547,1952.4053,25.45996,76.03003,235.51416,684.70387,31.54325003,1.743854168,21.61897227,25.25527779,28.62699539,1.648152777,1.682503451,1.710472223,e,Class I,event,1
12/6/2023,177.1216813,660.3208,53.933105,97.454225,120.839355,217.8949575,39.41103478,1.925611108,32.96802772,34.40425005,36.01279166,1.801547949,1.839527777,1.877851851,e,Class I,event,1
12/7/2023,63.43371201,161.8313,17.882568,45.674805,58.117188,72.35205,70.07662145,2.012697917,54.75074991,62.18661096,66.26841195,1.892902772,1.935847221,1.972981483,n,nonevent,non_event,0
12/8/2023,81.69499287,943.6349,0.8354492,42.5357055,74.19702,110.96411,69.09823359,2.095919863,35.04997222,50.95911127,60.3508514,1.87291667,1.967472227,2.036758142,e,Class I,event,1
12/9/2023,651.0451729,2388.588,14.8029785,53.851806,474.4474,940.26355,27.25581944,1.902538197,17.23083323,20.11346528,24.21238425,1.706959996,1.759662069,1.831078704,e,Class I,event,1
12/10/2023,410.9495531,3372.4734,82.04492,182.9787575,236.42529,394.8366725,25.50784031,1.815201391,21.37479173,22.40983339,23.25726394,1.677152783,1.729583336,1.762898152,e,Class I,event,1
12/11/2023,278.9857393,2315.599,16.238281,64.729858,117.961914,385.52198,37.07377766,1.860204863,27.79674999,31.24965278,34.09230084,1.808452059,1.83143046,1.842814815,e,Class I,event,1
12/12/2023,121.5918562,781.1904,18.52832,65.8936175,95.046385,143.92236,55.3996146,1.927704864,41.35876396,46.85526387,51.8582639,1.85583334,1.876589046,1.893657409,n,nonevent,non_event,0
12/13/2023,61.98146023,221.5835,0.24487305,21.8443605,45.891357,86.11377,81.66832305,1.929055557,69.06875001,74.43172235,78.21588447,1.827202702,1.859455173,1.886944698,n,nonevent,non_event,0
12/14/2023,102.1743318,3614.2002,0.0625,24.2919315,51.8050535,96.334778,81.94093729,1.938452964,62.90133307,72.69652785,78.19971619,1.709180565,1.797193107,1.858520934,u,undefined,non_event,0
12/15/2023,20.3939784,641.38525,0.020019531,3.9411621,9.624756,15.6519775,91.68428128,1.886340276,81.00937488,85.4065694,88.64197683,1.711236113,1.782569442,1.827317971,n,nonevent,non_event,0
12/16/2023,228.2982411,1347.5806,0.06335449,10.1411745,91.606445,278,59.36159378,2.11755556,26.53577773,34.1331737,46.85778703,1.934972228,1.983250002,2.039513896,e,Class I,event,1
12/17/2023,76.70840623,623.7012,3.5236816,29.859375,48.72583,74.6452625,48.15044799,1.941583335,37.63820844,41.15197229,45.0208751,1.8469863,1.874319446,1.900523152,b,Class II,event,1
12/18/2023,683.016557,3543.1235,2.668213,32.2613525,260.7129,879.72168,30.67819099,2.01438542,20.89508324,24.2282916,28.20416209,1.74551389,1.863694445,1.928453705,e,Class I,event,1
12/19/2023,202.7172549,893.9746,6.676758,82.0073225,146.64148,188.78204,38.67661109,1.977017362,31.22218053,32.54552775,34.17623149,1.891630132,1.929895832,1.957009173,u,undefined,non_event,0
12/20/2023,12.63759612,41.33618,0.08154297,3.6572876,7.1738282,22.904175,75.61259703,1.992034727,65.15794388,68.58215928,71.46250896,1.903459467,1.921579314,1.946518524,n,nonevent,non_event,0
12/21/2023,10.44080524,18.944092,3.9033203,5.5300293,11.172119,14.021484,80.95547933,2.015291672,72.26795843,74.9850973,78.04805109,1.898430559,1.941020836,1.970722228,u,undefined,non_event,0
12/22/2023,375.1451253,2062.809,0.30212402,12.04669188,147.279905,545.353905,83.20481505,2.221916078,61.42552813,71.09546903,76.71301912,1.956722212,2.066153842,2.131158873,e,Class I,event,1
12/23/2023,9.750674673,50.44043,0.005371094,3.06201175,6.43237315,12.4094695,90.06161459,2.116930558,71.02554162,77.66244427,83.62817114,1.979878371,2.017138893,2.059410137,n,nonevent,non_event,0
12/24/2023,32.1297842,169.32861,0.48999023,10.3746035,25.6026615,44.00692875,47.40657294,1.99130556,26.4809721,30.61269436,37.21821291,1.749180555,1.844062073,1.922073736,e,Class I,event,1
12/25/2023,42.10335879,245.25647,0.14187622,5.3017578,17.2514955,35.378784,39.83287491,2.180770826,30.82638876,34.29784026,37.2113055,2.001178069,2.066687495,2.120820267,b,Class II,event,1
12/26/2023,401.1422836,7146.267,2.213379,33.13201925,75.850005,154.3696625,36.90189243,2.108197918,27.67051389,30.27549999,33.74167139,1.693458334,1.78659722,1.953277777,u,undefined,non_event,0
12/27/2023,28.68912446,139.3985,0.032928467,6.8434753,21.724243,42.381317,54.69146172,2.644777776,43.48934714,47.95767358,51.2886944,2.488027778,2.558715277,2.604499995,u,undefined,non_event,0
12/28/2023,17.77763999,63.92102,0.10040283,6.3549195,13.237396,25.18548575,60.29289235,2.463996527,49.48658344,53.64975696,56.75823607,2.323277771,2.381215273,2.425763888,u,undefined,non_event,0
12/29/2023,506.3796879,2212.846,1.2084961,40.845825,121.3219,826.7312,40.63825084,2.071344946,29.13855574,34.95152089,37.78769299,1.760763153,1.850201384,1.938520928,e,Class I,event,1
